,Lookup,,,,,,,,,,
,Magic Item:,Efreeti Bottle,,,,"To use this search function, make a copy of the document in your own Drive",,,,,
,Price:,45000 gp,,,,,,,,,
,,,,,,,,,,,
,Between these values based on the rarity of magic items in your world,,,,,,,,,,
,Item,MSRP (common),MSRP (rare),Sane Price,DMPG Price,XGE Price,Rarity,Source,Page,Type,Attunement
,Ammunition +1 (Ea),15 gp,25 gp,25,50,100-600,Uncommon,DMG,150,Ammunition,No
,Spell Scroll (Level 0),15 gp,25 gp,,15,20-70,Common,DMG,200,Spell Scrolls,No
,Bead Of Nourishment,25 gp,40 gp,,25,20-70,Common,XGE,136,Wondrous Items,No
,Bead Of Refreshment,25 gp,40 gp,,25,20-70,Common,XGE,136,Wondrous Items,No
,Feather Token Feather Fall,25 gp,40 gp,,25,20-70,Common,EBR,,Wondrous Items,No
,Pressure Capsule,25 gp,40 gp,,25,20-70,Common,GoS,,Wondrous Items,No
,Spell Scroll (Level 1),25 gp,40 gp,,25,20-70,Common,DMG,200,Spell Scrolls,No
,Unbreakable Arrow,25 gp,40 gp,,25,20-70,Common,XGE,139,Ammunition,No
,Potion Of Climbing,30 gp,45 gp,,30,20-70,Common,DMG,187,Potions & Oils,No
,Walloping Ammunition,30 gp,45 gp,,30,20-70,Common,XGE,139,Ammunition,No
,Quaals Feather Token (Anchor),35 gp,55 gp,50,1000,2000-20000,Rare,DMG,188,Wondrous Items,No
,Breathing Bubble,50 gp,75 gp,,50,20-70,Common,EGW,266,Wondrous Item,No
,Candle Of The Deep,50 gp,75 gp,,50,20-70,Common,XGE,136,Wondrous Items,No
,Cast Off Armor,50 gp,75 gp,,50,20-70,Common,XGE,136,Armor,No
,Clothes Of Mending,50 gp,75 gp,,50,20-70,Common,XGE,137,Wondrous Items: Body,No
,Coin of Delving,50 gp,75 gp,,50,20-70,Common,EGW,266,Wondrous Item,No
,Keycharm,50 gp,75 gp,,50,20-70,Common,EBR,,Wondrous Items,Yes
,Lock Of Trickery,50 gp,75 gp,,50,20-70,Common,XGE,138,Wondrous Items,No
,Mystery Key,50 gp,75 gp,,50,20-70,Common,XGE,138,Wondrous Items,No
,Orb Of Direction,50 gp,75 gp,,50,20-70,Common,XGE,138,Wondrous Items,No
,Orb Of Time,50 gp,75 gp,,50,20-70,Common,XGE,138,Wondrous Items,No
,Pipe Of Remembrance,50 gp,75 gp,,50,20-70,Common,GoS,,Wondrous Items,No
,Pipe Of Smoke Monsters,50 gp,75 gp,,50,20-70,Common,XGE,138,Wondrous Items,No
,Pole Of Angling,50 gp,75 gp,,50,20-70,Common,XGE,138,Wondrous Items,No
,Potion Of Healing,50 gp,75 gp,50,50,20-70,Common,DMG,187,Potions & Oils,No
,Rope Of Mending,50 gp,75 gp,,50,20-70,Common,XGE,138,Wondrous Items,No
,Sekolahian Worshiping Statuette,50 gp,75 gp,,50,20-70,Common,GoS,,Wondrous Items,No
,Shield Of Expression,50 gp,75 gp,,50,20-70,Common,XGE,139,Shields,No
,Staff Of Adornment,50 gp,75 gp,,50,20-70,Common,XGE,139,Staffs,No
,Staff Of Flowers,50 gp,75 gp,,50,20-70,Common,XGE,139,Staffs,No
,Veteran's Cane,50 gp,75 gp,,50,20-70,Common,XGE,139,Weapons,No
,Dread Helm,55 gp,85 gp,,55,20-70,Common,XGE,137,Wondrous Items: Head,No
,Pole Of Collapsing,55 gp,85 gp,,55,20-70,Common,XGE,138,Wondrous Items,No
,Boots Of False Tracks,60 gp,90 gp,,60,20-70,Common,XGE,136,Wondrous Items: Feet,No
,Dust Of Dryness (1 pellet),60 gp,90 gp,120,350,100-600,Uncommon,DMG,166,Wondrous Items,No
,Keoghtom's Ointment (Per Dose),60 gp,90 gp,120,400,100-600,Uncommon,DMG,179,Wondrous Items,No
,Scribes Pen,60 gp,90 gp,,60,20-70,Common,EBR,,Wondrous Items,Yes
,Wand Of Scowls,60 gp,90 gp,,60,20-70,Common,XGE,140,Wands,No
,Wand Of Smiles,60 gp,90 gp,,60,20-70,Common,XGE,140,Wands,No
,Hat Of Vermin,65 gp,100 gp,,65,20-70,Common,XGE,137,Wondrous Items: Head,No
,Wand Of Pyrotechnics,65 gp,100 gp,,65,20-70,Common,XGE,140,Wands,No
,Ammunition +2 (Ea),70 gp,105 gp,100,250,2000-20000,Rare,DMG,150,Ammunition,No
,Staff Of Birdcalls,70 gp,105 gp,,70,20-70,Common,XGE,139,Staffs,No
,Armor Of Gleaming (any medium or heavy),75 gp,115 gp,,75,20-70,Common,XGE,136,Armor,No
,Dark Shard Amulet,75 gp,115 gp,,75,20-70,Common,XGE,137,Wondrous Items: Neck,Yes
,Ear Horn Of Hearing,75 gp,115 gp,,75,20-70,Common,XGE,137,Wondrous Items,No
,Ersatz Eye,75 gp,115 gp,,75,20-70,Common,XGE,137,Wondrous Items: Eyes,Yes
,Hat Of Wizardry,75 gp,115 gp,,75,20-70,Common,XGE,137,Wondrous Items: Head,Yes
,Imbued Wood Focus,75 gp,115 gp,,75,20-70,Common,EBR,,Wondrous Items,Yes
,Moon-Touched Sword,75 gp,115 gp,,75,20-70,Common,XGE,138,Weapons,No
,Perfume Of Bewitching,75 gp,115 gp,,75,20-70,Common,XGE,138,Potions & Oils,No
,Smoldering Armor,75 gp,115 gp,,75,20-70,Common,XGE,139,Armor,No
,Talking Doll,75 gp,115 gp,,75,20-70,Common,XGE,139,Wondrous Items,Yes
,Charlatan's Die,80 gp,120 gp,,80,20-70,Common,XGE,136,Wondrous Items,Yes
,Instrument Of Scribing,80 gp,120 gp,,80,20-70,Common,XGE,138,Wondrous Items,Yes
,Tankard Of Sobriety,80 gp,120 gp,,80,20-70,Common,XGE,139,Wondrous Items,No
,Elixir Of Health,85 gp,130 gp,120,2000,2000-20000,Rare,DMG,168,Potions & Oils,No
,Horn Of Silent Alarm,85 gp,130 gp,,85,20-70,Common,XGE,137,Wondrous Items,No
,Pot Of Awakening,85 gp,130 gp,,85,20-70,Common,XGE,138,Wondrous Items,No
,Cloak Of Many Fashions,90 gp,135 gp,,90,20-70,Common,XGE,136,Wondrous Items: Shoulders,No
,Wand Of Conducting,90 gp,135 gp,,90,20-70,Common,XGE,140,Wands,No
,Band Of Loyalty,100 gp,150 gp,,100,20-70,Common,EBR,,Ring,Yes
,Cloak Of Billowing,100 gp,150 gp,,100,20-70,Common,XGE,136,Wondrous Items: Shoulders,No
,Clockwork Amulet,100 gp,150 gp,,100,20-70,Common,XGE,137,Wondrous Items: Neck,No
,Enduring Spellbook,100 gp,150 gp,,100,20-70,Common,XGE,137,Wondrous Items,No
,Heward's Handy Spice Pouch,100 gp,150 gp,,100,20-70,Common,XGE,137,Wondrous Items,No
,Illuminator's Tattoo,100 gp,150 gp,,100,20-70,Common,TCE,,Wondrous Items: Tattoo,Yes
,Instrument Of Illusions,100 gp,150 gp,,100,20-70,Common,XGE,137,Wondrous Items,Yes
,Masquerade Tattoo,100 gp,150 gp,,100,20-70,Common,TCE,,Wondrous Items: Tattoo,Yes
,Potion Of Comprehension,100 gp,150 gp,,100,20-70,Common,WDH,,Potions & Oils,No
,Prosthetic Limb,100 gp,150 gp,,100,20-70,Common,EGW,278,Wondrous Item,Yes
,Ruby Of The War Mage,100 gp,150 gp,,100,20-70,Common,XGE,138,Wondrous Items,Yes
,Vox Seeker,100 gp,150 gp,,100,20-70,Common,EGW,270,Wondrous Item,No
,Potion Of Giant Strength (Hill),125 gp,190 gp,,125,100-600,Uncommon,DMG,187,Potions & Oils,No
,Scroll Of Protection,130 gp,195 gp,180,"3,500",2000-20000,Rare,DMG,199,Spell Scrolls,No
,Potion Of Growth,135 gp,205 gp,270,300,100-600,Uncommon,DMG,187,Potions & Oils,No
,Dust of Deliciousness,150 gp,225 gp,,150,100-600,Uncommon,EGW,267,Wondrous Item,No
,Dust Of Disappearance,150 gp,225 gp,300,200,100-600,Uncommon,DMG,166,Wondrous Items,No
,Glamerweave (Uncommon),150 gp,225 gp,,150,100-600,Uncommon,EBR,,Wondrous Items,No
,Loadstone,150 gp,225 gp,,150,2000-20000,Rare,TYP,228,Wondrous Items,No
,Philter Of Love,150 gp,225 gp,,150,100-600,Uncommon,DMG,184,Potions & Oils,No
,Potion Of Healing (Greater),150 gp,225 gp,300,300,100-600,Uncommon,DMG,187,Potions & Oils,No
,Potion Of Watchful Rest,150 gp,225 gp,,150,20-70,Common,WDH,,Potions & Oils,No
,Ring of Obscuring,150 gp,225 gp,,150,100-600,Uncommon,EGW,269,Rings,Yes
,Ring Of Truth Telling,150 gp,225 gp,,150,100-600,Uncommon,WDH,192,Rings,Yes
,"Spell Gem (Obsidian, Level 0)",150 gp,225 gp,,150,100-600,Uncommon,OA,223,Spell Gems,Yes
,Spell Scroll (Level 2),150 gp,225 gp,,150,100-600,Uncommon,DMG,200,Spell Scrolls,No
,Quaals Feather Token (Fan),175 gp,265 gp,250,1000,2000-20000,Rare,DMG,188,Wondrous Items,No
,Quaals Feather Token (Whip),175 gp,265 gp,250,1000,2000-20000,Rare,DMG,188,Wondrous Items,No
,Balance Of Harmony,200 gp,300 gp,,200,100-600,Uncommon,TYP,228,Wondrous Items,No
,Mask Of The Beast,200 gp,300 gp,,200,100-600,Uncommon,TA,207,Wondrous Items: Eyes,No
,Potion Of Animal Friendship,200 gp,300 gp,,200,100-600,Uncommon,DMG,187,Potions & Oils,No
,Earworm,225 gp,340 gp,,225,100-600,Uncommon,EBR,,Wondrous Items,Yes
,Dust Of Sneezing And Choking,240 gp,360 gp,480,150,100-600,Uncommon,DMG,166,Wondrous Items,No
,Oil Of Slipperiness,240 gp,360 gp,480,250,100-600,Uncommon,DMG,184,Potions & Oils,No
,Vicious Weapon (any weapon),245 gp,370 gp,350,"4,000",2000-20000,Rare,DMG,209,Weapons,No
,Adamantine Armor,250 gp,375 gp,500,500,100-600,Uncommon,DMG,150,Armor,No
,Brooch of Living Essence,250 gp,375 gp,,250,100-600,Uncommon,EGW,266,Wondrous Item,Yes
,Cursed Luckstone,250 gp,375 gp,,250,100-600,Uncommon,GoS,,Wondrous Items,Yes
,Helm Of Comprehending Languages,250 gp,375 gp,500,200,100-600,Uncommon,DMG,173,Wondrous Items: Head,No
,Soul Coin,250 gp,375 gp,,250,100-600,Uncommon,BGA,,Wondrous Items,No
,Figurine of Wondrous Power (Ivory Goats - Travail),280 gp,420 gp,400,"5,000",2000-20000,Rare,DMG,169,Wondrous Items,No
,Travel Alchemical Kit,300 gp,450 gp,,300,100-600,Uncommon,AI,,Wondrous Items,No
,Universal Solvent,300 gp,450 gp,300,"5,000",50000-300000,Legendary,DMG,209,Wondrous Items,No
,Wand Of Entangle,300 gp,450 gp,,300,100-600,Uncommon,TYP,229,Wands,Yes
,Horn Of Blasting,315 gp,475 gp,450,"2,500",2000-20000,Rare,DMG,174,Wondrous Items,No
,Smokepowder,325 gp,490 gp,,325,100-600,Uncommon,WDH,192,Wondrous Items,No
,Bag Of Tricks,350 gp,525 gp,,350,100-600,Uncommon,DMG,154,Wondrous Items,No
,Goggles of Object Reading,350 gp,525 gp,,350,100-600,Uncommon,EGW,267,Wondrous Item,Yes
,Night Caller,350 gp,525 gp,,350,100-600,Uncommon,TYP,228,Wondrous Items,No
,Paper Bird,350 gp,525 gp,,350,100-600,Uncommon,WDH,191,Wondrous Items,No
,Potion Of Fire Breath,350 gp,525 gp,,350,100-600,Uncommon,DMG,187,Potions & Oils,No
,"Spell Gem (Lapis Lazuli, Level 1)",350 gp,525 gp,,350,100-600,Uncommon,OA,223,Spell Gems,Yes
,Driftglobe,375 gp,565 gp,750,100,100-600,Uncommon,DMG,166,Wondrous Items,No
,Ammunition +3 (Ea),400 gp,600 gp,400,"2,500",20000-50000,Very Rare,DMG,150,Ammunition,No
,Elder Cartographers Glossography,400 gp,600 gp,,400,100-600,Uncommon,AI,,Wondrous Items,No
,"Mithral Armor (medium or heavy, not hide)",400 gp,600 gp,800,450,100-600,Uncommon,DMG,182,Armor,No
,Nature's Mantle,400 gp,600 gp,,400,100-600,Uncommon,TCE,,Wondrous Items,Yes
,Potion Of Water Breathing,400 gp,600 gp,,400,2000-20000,Rare,DMG,188,Potions & Oils,No
,Robe Of Useful Items,400 gp,600 gp,,400,100-600,Uncommon,DMG,195,Wondrous Items: Body,No
,Sovereign Glue,400 gp,600 gp,400,5000,50000-300000,Legendary,DMG,200,Wondrous Items,No
,Spell Scroll (Level 3),400 gp,600 gp,,400,100-600,Uncommon,DMG,200,Spell Scrolls,No
,Stone Of Ill Luck,400 gp,600 gp,,400,100-600,Uncommon,TYP,229,Wondrous Items,Yes
,Sword Of Vengeance (any sword),400 gp,600 gp,,400,100-600,Uncommon,DMG,206,Weapons,Yes
,Trident Of Fish Command,400 gp,600 gp,800,300,100-600,Uncommon,DMG,209,Weapons,Yes
,Figurine of Wondrous Power (Golden Lions),420 gp,630 gp,600,5000,2000-20000,Rare,DMG,169,Wondrous Items,No
,Elemental Gem,480 gp,720 gp,960,250,100-600,Uncommon,DMG,167,Wondrous Items,No
,Amulet of the Drunkard,500 gp,750 gp,,500,100-600,Uncommon,EGW,265,Wondrous Item,No
,Cap Of Water Breathing,500 gp,750 gp,1000,450,100-600,Uncommon,DMG,157,Wondrous Items: Head,No
,Coiling Grasp Tattoo,500 gp,750 gp,,500,100-600,Uncommon,TCE,,Wondrous Items: Tattoo,Yes
,Eldritch Claw Tattoo,500 gp,750 gp,,500,100-600,Uncommon,TCE,,Wondrous Items: Tattoo,Yes
,Eversmoking Bottle,500 gp,750 gp,1000,270,100-600,Uncommon,DMG,168,Wondrous Items,No
,Finders Goggles,500 gp,750 gp,,500,100-600,Uncommon,EBR,,Wondrous Items,Yes
,Hellfire Weapon,500 gp,750 gp,,500,100-600,Uncommon,BGA,,Weapons,No
,Helm Of Underwater Action,500 gp,750 gp,,500,100-600,Uncommon,GoS,,Wondrous Items,Yes
,Living Gloves,500 gp,750 gp,,500,100-600,Uncommon,EBR,,Wondrous Items,Yes
,Piwafwi (Cloak Of Elvenkind),500 gp,750 gp,"1,000",200,100-600,Uncommon,OA,222,Wondrous Items: Shoulders,Yes
,Potion Of Diminution,500 gp,750 gp,,500,2000-20000,Rare,DMG,187,Potions & Oils,No
,Potion Of Poison,500 gp,750 gp,,500,100-600,Uncommon,DMG,188,Potions & Oils,No
,Potion Of Resistance,500 gp,750 gp,,500,100-600,Uncommon,DMG,188,Potions & Oils,No
,Quiver Of Ehlonna,500 gp,750 gp,1000,250,100-600,Uncommon,DMG,189,Wondrous Items,No
,Ring Of Warmth,500 gp,750 gp,"1,000",480,100-600,Uncommon,DMG,193,Rings,Yes
,Sending Stone,500 gp,750 gp,,500,100-600,Uncommon,AI,,Wondrous Items,No
,"Weapon, +1",500 gp,750 gp,1000,500,100-600,Uncommon,DMG,213,Weapons,No
,Shatterspike (longsword),550 gp,825 gp,,550,100-600,Uncommon,TYP,229,Weapons,Yes
,Arrow Of Slaying (Ea),600 gp,900 gp,600,"1,000",20000-50000,Very Rare,DMG,152,Ammunition,No
,Eagle Whistle,600 gp,900 gp,,600,2000-20000,Rare,TYP,228,Wondrous Items,No
,Feather Of Diatryma Summoning,600 gp,900 gp,,600,2000-20000,Rare,WDH,191,Wondrous Items,Yes
,Wand Of The War Mage +1,600 gp,900 gp,1200,400,100-600,Uncommon,DMG,212,Wands,Yes
,Potion Of Giant Strength (Frost/Stone),650 gp,975 gp,,650,2000-20000,Rare,DMG,187,Potions & Oils,No
,Bead Of Force,675 gp,1015 gp,960,3000,2000-20000,Rare,DMG,154,Wondrous Items,No
,Figurine of Wondrous Power (Ivory Goats - Travelling),700 gp,1050 gp,1000,"5,000",2000-20000,Rare,DMG,169,Wondrous Items,No
,Ioun Stone (Sustenance),700 gp,1050 gp,1000,3000,2000-20000,Rare,DMG,177,Wondrous Items: Head,Yes
,Necklace of Fireballs (1 Bead),700 gp,1050 gp,"1,000",725,2000-20000,Rare,DMG,182,Wondrous Items: Neck,No
,Sword Of Life Stealing (any sword),700 gp,1050 gp,"1,000","2,200",2000-20000,Rare,DMG,206,Weapons,Yes
,Boots Of Striding And Springing,750 gp,1125 gp,1500,200,100-600,Uncommon,DMG,156,Wondrous Items: Feet,Yes
,Bracers Of Archery,750 gp,1125 gp,1500,350,100-600,Uncommon,DMG,156,Wondrous Items: Arms & Wrists,Yes
,Circlet Of Blasting,750 gp,1125 gp,1500,350,100-600,Uncommon,DMG,158,Wondrous Items: Head,No
,Goggles Of Night,750 gp,1125 gp,"1,500",300,100-600,Uncommon,DMG,172,Wondrous Items: Eyes,No
,Javelin Of Lightning,750 gp,1125 gp,1500,350,100-600,Uncommon,DMG,178,Weapons,No
,Mariner's Armor,750 gp,1125 gp,"1,500",400,100-600,Uncommon,DMG,181,Armor,No
,Necklace Of Adaptation,750 gp,1125 gp,"1,500",450,100-600,Uncommon,DMG,182,Wondrous Items: Neck,Yes
,Potion Of Healing (Superior),750 gp,1125 gp,750,750,20000-50000,Very Rare,DMG,187,Potions & Oils,No
,Ring Of Water Walking,750 gp,1125 gp,1500,500,100-600,Uncommon,DMG,193,Rings,No
,"Shield, +1",750 gp,1125 gp,"1,500",450,100-600,Uncommon,DMG,200,Shields,No
,Wand Of Magic Detection,750 gp,1125 gp,"1,500",150,100-600,Uncommon,DMG,211,Wands,No
,Wand Of Secrets,750 gp,1125 gp,"1,500",125,100-600,Uncommon,DMG,211,Wands,No
,Wind Fan,750 gp,1125 gp,1500,150,100-600,Uncommon,DMG,213,Wondrous Items,No
,Potion Of Heroism,800 gp,1200 gp,,800,2000-20000,Rare,DMG,188,Potions & Oils,No
,Spell Scroll (Level 4),800 gp,1200 gp,,800,2000-20000,Rare,DMG,200,Spell Scrolls,No
,Ioun Stone (Protection),840 gp,1260 gp,"1,200","3,600",2000-20000,Rare,DMG,177,Wondrous Items: Head,Yes
,Battering Shield,850 gp,1275 gp,,850,2000-20000,Rare,EGW,266,Armor,Yes
,Acheron Blade,900 gp,1350 gp,,900,2000-20000,Rare,EGW,265,Weapons,Yes
,Potion Of Clairvoyance,900 gp,1350 gp,,900,2000-20000,Rare,DMG,187,Potions & Oils,No
,Staff Of The Adder,900 gp,1350 gp,"1,800",350,100-600,Uncommon,DMG,203,Staffs,Yes
,Wand Of Viscid Globs,900 gp,1350 gp,,900,2000-20000,Rare,OA,223,Wands,Yes
,Bracer Of Flying Daggers,1000 gp,1500 gp,,1000,2000-20000,Rare,WDH,190,Wondrous Items: Arms & Wrists,Yes
,Gloves Of Swimming And Climbing,1000 gp,1500 gp,2000,250,100-600,Uncommon,DMG,172,Wondrous Items: Hands,Yes
,Periapt Of Wound Closure,1000 gp,1500 gp,2000,375,100-600,Uncommon,DMG,184,Wondrous Items: Neck,Yes
,Piercer,1000 gp,1500 gp,,"1,000",2000-20000,Rare,AI,,Weapons,Yes
,Pipes Of The Sewers,1000 gp,1500 gp,"2,000",150,100-600,Uncommon,DMG,185,Wondrous Items,Yes
,Rope Of Climbing,1000 gp,1500 gp,2000,350,100-600,Uncommon,DMG,197,Wondrous Items,No
,Saddle Of The Cavalier,1000 gp,1500 gp,2000,250,100-600,Uncommon,DMG,199,Wondrous Items,No
,Sending Stones,1000 gp,1500 gp,2000,500,100-600,Uncommon,DMG,199,Wondrous Items,No
,Staff of the Ivory Claw,1000 gp,1500 gp,,"1,000",2000-20000,Rare,EGW,270,Staffs,Yes
,Staff Of The Python,1000 gp,1500 gp,"2,000",250,100-600,Uncommon,DMG,204,Staffs,Yes
,Ventilating Lungs,1000 gp,1500 gp,,1000,2000-20000,Rare,EBR,,Wondrous Items,Yes
,"Armor, +1",1050 gp,1575 gp,"1,500","3,000",2000-20000,Rare,DMG,152,Armor,No
,Bell Branch,1050 gp,1575 gp,1500,,2000-20000,Rare,TCE,,Wondrous Items,Yes
,Chime Of Opening,1050 gp,1575 gp,1500,3000,2000-20000,Rare,DMG,158,Wondrous Items,No
,Handy Haversack,1050 gp,1575 gp,1500,2000,2000-20000,Rare,DMG,174,Wondrous Items,No
,Necklace Of Prayer Beads (Smiting),1050 gp,1575 gp,"1,500",5000,2000-20000,Rare,DMG,182,Wondrous Items: Neck,Yes
,Potion Of Mind Reading,1100 gp,1650 gp,,"1,100",2000-20000,Rare,DMG,188,Potions & Oils,No
,Potion Of Giant Strength (Fire),1200 gp,1800 gp,,"1,200",2000-20000,Rare,DMG,187,Potions & Oils,No
,Boots Of Elvenkind,1250 gp,1875 gp,"2,500",400,100-600,Uncommon,DMG,155,Wondrous Items: Feet,No
,Eyes Of Minute Seeing,1250 gp,1875 gp,2500,150,100-600,Uncommon,DMG,168,Wondrous Items: Eyes,No
,Eyes Of The Eagle,1250 gp,1875 gp,2500,400,100-600,Uncommon,DMG,168,Wondrous Items: Eyes,Yes
,Ring Of Jumping,1250 gp,1875 gp,"2,500",250,100-600,Uncommon,DMG,191,Rings,Yes
,Corpse Slayer,1300 gp,1950 gp,,1300,2000-20000,Rare,EGW,266,Weapons,Yes
,Oil Of Etherealness,1345 gp,2020 gp,1920,"2,000",2000-20000,Rare,DMG,183,Potions & Oils,No
,Glamoured Studded Leather,1400 gp,2100 gp,"2,000","4,800",2000-20000,Rare,DMG,172,Armor,No
,Necklace of Fireballs (2 Beads),1400 gp,2100 gp,"2,000","1,450",2000-20000,Rare,DMG,182,Wondrous Items: Neck,No
,Necklace Of Prayer Beads (Blessing),1400 gp,2100 gp,"2,000",5000,2000-20000,Rare,DMG,182,Wondrous Items: Neck,Yes
,Needle of Mending,1400 gp,2100 gp,,1400,2000-20000,Rare,EGW,268,Weapons,Yes
,Piwafwi Of Fire Resistance,1400 gp,2100 gp,,"1,400",2000-20000,Rare,OA,222,Wondrous Items: Shoulders,Yes
,Ring Of Feather Falling,1400 gp,2100 gp,"2,000","2,200",2000-20000,Rare,DMG,192,Rings,Yes
,Sword Of Wounding (any sword),1400 gp,2100 gp,2000,"1,200",2000-20000,Rare,DMG,207,Weapons,Yes
,Boots Of The Winterlands,1500 gp,2250 gp,3000,300,100-600,Uncommon,DMG,156,Wondrous Items: Feet,Yes
,Charm Of Plant Command,1500 gp,2250 gp,,"1,500",2000-20000,Rare,GoS,,Wondrous Items,Yes
,Eyes Of Charming,1500 gp,2250 gp,"3,000",300,100-600,Uncommon,DMG,168,Wondrous Items: Eyes,Yes
,Gloves Of Missile Snaring,1500 gp,2250 gp,3000,325,100-600,Uncommon,DMG,172,Wondrous Items: Hands,Yes
,Horseshoes Of A Zephyr,1500 gp,2250 gp,"1,500","6,000",20000-50000,Very Rare,DMG,175,Wondrous Items,No
,Medallion Of Thoughts,1500 gp,2250 gp,"3,000",300,100-600,Uncommon,DMG,181,Wondrous Items: Neck,Yes
,Potion Of Gaseous Form,1500 gp,2250 gp,,1500,2000-20000,Rare,DMG,187,Potions & Oils,No
,Potion Of Healing (Supreme),1500 gp,2250 gp,1500,1500,20000-50000,Very Rare,DMG,187,Potions & Oils,No
,Ring Of Swimming,1500 gp,2250 gp,"3,000",300,100-600,Uncommon,DMG,193,Rings,No
,Rings Of Shared Suffering,1500 gp,2250 gp,3000,,100-600,Uncommon,EBR,,Ring,No
,"Spell Gem (Quartz ,Level 2)",1500 gp,2250 gp,,"1,500",2000-20000,Rare,OA,223,Spell Gems,Yes
,Spell Scroll (Level 5),1500 gp,2250 gp,,1500,2000-20000,Rare,DMG,200,Spell Scrolls,No
,Weapon of Certain Death,1500 gp,2250 gp,,1500,2000-20000,Rare,EGW,270,Weapons,No
,Potion Of Mind Control (Beast),1600 gp,2400 gp,,"1,600",2000-20000,Rare,TYP,229,Potions & Oils,No
,Hell Hound Cloak,1700 gp,2550 gp,,"1,700",2000-20000,Rare,TYP,228,Wondrous Items: Shoulders,Yes
,Sword Of Sharpness (slashing swords),1700 gp,2550 gp,"1,700","42,000",20000-50000,Very Rare,DMG,206,Weapons,Yes
,Alchemical Compendium,1750 gp,2625 gp,2500,,2000-20000,Rare,TCE,,Wondrous Items,Yes
,Cloak Of Protection,1750 gp,2625 gp,"3,500",400,100-600,Uncommon,DMG,159,Wondrous Items: Shoulders,Yes
,Dagger Of Venom,1750 gp,2625 gp,2500,1500,2000-20000,Rare,DMG,160,Weapons,No
,Ghost Lantern,1750 gp,2625 gp,,1750,2000-20000,Rare,TA,206,Wondrous Items,Yes
,Libram of Souls and Flesh,1750 gp,2625 gp,2500,,2000-20000,Rare,TCE,,Wondrous Items,Yes
,Potion Of Vitality,1800 gp,2700 gp,,1800,20000-50000,Very Rare,DMG,188,Potions & Oils,No
,Potion of Possibility,1900 gp,2850 gp,,1900,20000-50000,Very Rare,EGW,268,Potion,No
,Bag Of Holding,2000 gp,3000 gp,4000,500,100-600,Uncommon,DMG,153,Wondrous Items,No
,Gauntlets Of Flaming Fury,2000 gp,3000 gp,,2000,2000-20000,Rare,BGA,,Wondrous Items,Yes
,Knave's Eye Patch,2000 gp,3000 gp,,2000,2000-20000,Rare,WDH,191,Wondrous Items: Head,Yes
,Potion Of Giant Strength (Cloud),2000 gp,3000 gp,,2000,20000-50000,Very Rare,DMG,187,Potions & Oils,No
,Potion Of Invisibility,2000 gp,3000 gp,,2000,20000-50000,Very Rare,DMG,188,Potions & Oils,No
,Potion of Maximum Power,2000 gp,3000 gp,,2000,2000-20000,Rare,EGW,268,Potion,No
,Potion Of Speed,2000 gp,3000 gp,,"2,000",20000-50000,Very Rare,DMG,188,Potions & Oils,No
,Rod of Retribution,2000 gp,3000 gp,,"2,000",100-600,Uncommon,EGW,269,Rods,Yes
,Spell Scroll (Level 6),2000 gp,3000 gp,,2000,20000-50000,Very Rare,DMG,200,Spell Scrolls,No
,Armor Of Resistance,2100 gp,3150 gp,"3,000","3,000",2000-20000,Rare,DMG,152,Armor,Yes
,Dimensional Shackles,2100 gp,3150 gp,3000,2800,2000-20000,Rare,DMG,165,Wondrous Items,No
,Duplicitous Manuscript,2100 gp,3150 gp,3000,,2000-20000,Rare,TCE,,Wondrous Items,Yes
,Figurine of Wondrous Power (Onyx Dog),2100 gp,3150 gp,3000,3200,2000-20000,Rare,DMG,170,Wondrous Items,No
,Necklace of Fireballs (3 Beads),2100 gp,3150 gp,"3,000",2175,2000-20000,Rare,DMG,182,Wondrous Items: Neck,No
,Planecaller's Codex,2100 gp,3150 gp,3000,,2000-20000,Rare,TCE,,Wondrous Items,Yes
,Quaals Feather Token (Bird),2100 gp,3150 gp,3000,1000,2000-20000,Rare,DMG,188,Wondrous Items,No
,Quaals Feather Token (Swan Boat),2100 gp,3150 gp,3000,"1,000",2000-20000,Rare,DMG,188,Wondrous Items,No
,Scorpion Armor (plate),2100 gp,3150 gp,,"2,100",2000-20000,Rare,TA,208,Armor,Yes
,Staff Of Withering,2100 gp,3150 gp,"3,000",2100,2000-20000,Rare,DMG,205,Staffs,Yes
,Stone Of Good Luck (Luckstone),2100 gp,3150 gp,4200,400,100-600,Uncommon,DMG,205,Wondrous Items,Yes
,Ring of Temporal Salvation,2250 gp,3375 gp,,"2,250",2000-20000,Rare,EGW,269,Rings,Yes
,Wand Of Wonder,2250 gp,3375 gp,,"2,250",2000-20000,Rare,DMG,212,Wands,Yes
,Protective Verses,2275 gp,3415 gp,3250,,2000-20000,Rare,TCE,,Wondrous Items,Yes
,Ioun Stone (Absorption),2400 gp,3600 gp,2400,20000,20000-50000,Very Rare,DMG,177,Wondrous Items: Head,Yes
,Astronomy Archive,2450 gp,3675 gp,3500,,2000-20000,Rare,TCE,,Wondrous Items,Yes
,Atlas of Endless Horizons,2450 gp,3675 gp,3500,,2000-20000,Rare,TCE,,Wondrous Items,Yes
,Fulminating Treatise,2450 gp,3675 gp,3500,,2000-20000,Rare,TCE,,Wondrous Items,Yes
,Heart Weaver's Primer,2450 gp,3675 gp,3500,,2000-20000,Rare,TCE,,Wondrous Items,Yes
,Ring Of Protection,2450 gp,3675 gp,"3,500",3000,2000-20000,Rare,DMG,191,Rings,Yes
,Amulet Of Proof Against Detection And Location,2500 gp,3750 gp,"5,000",400,100-600,Uncommon,DMG,150,Wondrous Items: Neck,Yes
,Cloak Of Elvenkind,2500 gp,3750 gp,"5,000",250,100-600,Uncommon,DMG,158,Wondrous Items: Shoulders,Yes
,Decanter Of Endless Water,2500 gp,3750 gp,5000,300,100-600,Uncommon,DMG,160,Wondrous Items,No
,Feywild Shard,2500 gp,3750 gp,5000,,100-600,Uncommon,TCE,,Wondrous Items,Yes
,Figurine of Wondrous Power (Silver Raven),2500 gp,3750 gp,5000,380,100-600,Uncommon,DMG,170,Wondrous Items,No
,Gem Of Brightness,2500 gp,3750 gp,5000,250,100-600,Uncommon,DMG,171,Wondrous Items,No
,Gloves Of Thievery,2500 gp,3750 gp,5000,300,100-600,Uncommon,DMG,172,Wondrous Items: Hands,No
,Hat Of Disguise,2500 gp,3750 gp,5000,475,100-600,Uncommon,DMG,173,Wondrous Items: Head,Yes
,Immovable Rod,2500 gp,3750 gp,"5,000",500,100-600,Uncommon,DMG,175,Rods,No
,Lantern Of Revealing,2500 gp,3750 gp,"5,000",500,100-600,Uncommon,DMG,179,Wondrous Items,No
,Nolzur's Marvelous Pigments,2500 gp,3750 gp,2500,16000,20000-50000,Very Rare,DMG,183,Wondrous Items,No
,Periapt Of Health,2500 gp,3750 gp,"5,000",250,100-600,Uncommon,DMG,184,Wondrous Items: Neck,No
,Potion Of Flying,2500 gp,3750 gp,,2500,20000-50000,Very Rare,DMG,187,Potions & Oils,No
,Potion Of Mind Control (Humanoid),2500 gp,3750 gp,,"2,500",2000-20000,Rare,TYP,229,Potions & Oils,No
,Ring Of Mind Shielding,2500 gp,3750 gp,"5,000",250,100-600,Uncommon,DMG,191,Rings,Yes
,Rotor Of Return,2500 gp,3750 gp,,"2,500",20000-50000,Very Rare,AI,,Wondrous Items,Yes
,Slippers Of Spider Climbing,2500 gp,3750 gp,5000,500,100-600,Uncommon,DMG,200,Wondrous Items: Feet,Yes
,Butchers Bib,2750 gp,4125 gp,,2750,2000-20000,Rare,EGW,266,Wondrous Item,Yes
,Boots Of Levitation,2800 gp,4200 gp,4000,4500,2000-20000,Rare,DMG,155,Wondrous Items: Feet,Yes
,Boots Of Speed,2800 gp,4200 gp,4000,"3,000",2000-20000,Rare,DMG,155,Wondrous Items: Feet,Yes
,Elven Chain,2800 gp,4200 gp,"4,000","4,500",2000-20000,Rare,DMG,168,Armor,No
,Iron Bands Of Bilarro,2800 gp,4200 gp,4000,2600,2000-20000,Rare,DMG,177,Wondrous Items,No
,Necklace of Fireballs (4 Beads),2800 gp,4200 gp,"4,000",2900,2000-20000,Rare,DMG,182,Wondrous Items: Neck,No
,Necklace Of Prayer Beads (Curing),2800 gp,4200 gp,"4,000",5000,2000-20000,Rare,DMG,182,Wondrous Items: Neck,Yes
,Potion Of Invulnerability,2800 gp,4200 gp,"4,000","1,500",2000-20000,Rare,DMG,188,Potions & Oils,No
,Ring Of Animal Influence,2800 gp,4200 gp,4000,1000,2000-20000,Rare,DMG,189,Rings,No
,Ring Of Resistance,2800 gp,4200 gp,4000,3500,2000-20000,Rare,DMG,192,Rings,Yes
,Rope Of Entanglement,2800 gp,4200 gp,4000,1000,2000-20000,Rare,DMG,197,Wondrous Items,No
,Wand Of Enemy Detection,2800 gp,4200 gp,4000,3750,2000-20000,Rare,DMG,210,Wands,Yes
,"Weapon, +2",2800 gp,4200 gp,4000,2500,2000-20000,Rare,DMG,213,Weapons,No
,Robe Of Summer,2900 gp,4350 gp,,2900,2000-20000,Rare,TYP,229,Wondrous Items: Body,Yes
,Alchemy Jug,3000 gp,4500 gp,6000,100,100-600,Uncommon,DMG,150,Wondrous Items,No
,Cloak Of The Manta Ray,3000 gp,4500 gp,"6,000",350,100-600,Uncommon,DMG,159,Wondrous Items: Shoulders,No
,Gauntlets Of Ogre Power,3000 gp,4500 gp,6000,450,100-600,Uncommon,DMG,171,Wondrous Items: Hands,Yes
,Ioun Stone (Agility),3000 gp,4500 gp,3000,"8,000",20000-50000,Very Rare,DMG,177,Wondrous Items: Head,Yes
,Ioun Stone (Fortitude),3000 gp,4500 gp,"3,000",8000,20000-50000,Very Rare,DMG,177,Wondrous Items: Head,Yes
,Ioun Stone (Insight),3000 gp,4500 gp,3000,8000,20000-50000,Very Rare,DMG,177,Wondrous Items: Head,Yes
,Ioun Stone (Intellect),3000 gp,4500 gp,3000,"8,000",20000-50000,Very Rare,DMG,177,Wondrous Items: Head,Yes
,Ioun Stone (Leadership),3000 gp,4500 gp,"3,000","8,000",20000-50000,Very Rare,DMG,177,Wondrous Items: Head,Yes
,Ioun Stone (Strength),3000 gp,4500 gp,3000,8000,20000-50000,Very Rare,DMG,177,Wondrous Items: Head,Yes
,Pearl Of Power,3000 gp,4500 gp,"6,000",400,100-600,Uncommon,DMG,184,Wondrous Items,Yes
,Pipes Of Haunting,3000 gp,4500 gp,"6,000",300,100-600,Uncommon,DMG,185,Wondrous Items,No
,Deck Of Illusions,3060 gp,4590 gp,6120,450,100-600,Uncommon,DMG,161,Wondrous Items,No
,Oil Of Sharpness,3200 gp,4800 gp,3200,"2,200",20000-50000,Very Rare,DMG,184,Potions & Oils,No
,Badge Of The Watch,3250 gp,4875 gp,,3250,2000-20000,Rare,WDH,189,Wondrous Items,Yes
,Wand Of The War Mage +2,3360 gp,5040 gp,"4,800",4000,2000-20000,Rare,DMG,212,Wands,Yes
,"Arcane Grimoire, +1",3500 gp,5250 gp,7000,,100-600,Uncommon,TCE,,Wondrous Items,Yes
,Flame Tongue,3500 gp,5250 gp,"5,000","5,000",2000-20000,Rare,DMG,170,Weapons,Yes
,Giant Slayer (any sword or axe),3500 gp,5250 gp,5000,"4,600",2000-20000,Rare,DMG,172,Weapons,No
,Horseshoes Of Speed,3500 gp,5250 gp,5000,"3,000",2000-20000,Rare,DMG,175,Wondrous Items,No
,Infernal Puzzle Box,3500 gp,5250 gp,,"3,500",100-600,Uncommon,BGA,,Wondrous Items,No
,Necklace of Fireballs (5 Beads),3500 gp,5250 gp,"5,000",3625,2000-20000,Rare,DMG,182,Wondrous Items: Neck,No
,Periapt Of Proof Against Poison,3500 gp,5250 gp,5000,"4,700",2000-20000,Rare,DMG,184,Wondrous Items: Neck,No
,Reincarnation Dust,3500 gp,5250 gp,,"3,500",20000-50000,Very Rare,EGW,268,Wondrous Item,No
,"Rhythm-Maker's Drum, +1",3500 gp,5250 gp,7000,,100-600,Uncommon,TCE,,Wondrous Items,Yes
,Ring Of Evasion,3500 gp,5250 gp,5000,"4,900",2000-20000,Rare,DMG,191,Rings,Yes
,Ring Of Spell Storing,3500 gp,5250 gp,"5,000","3,600",2000-20000,Rare,DMG,192,Rings,Yes
,Ring Of The Ram,3500 gp,5250 gp,"5,000",4000,2000-20000,Rare,DMG,193,Rings,Yes
,Spell Scroll (Level 7),3500 gp,5250 gp,,3500,20000-50000,Very Rare,DMG,200,Spell Scrolls,No
,Tentacle Rod,3500 gp,5250 gp,"5,000",2000,2000-20000,Rare,DMG,208,Rods,Yes
,Wings Of Flying,3500 gp,5250 gp,"5,000","3,600",2000-20000,Rare,DMG,214,Wondrous Items: Shoulders,Yes
,Amulet Of Protection From Turning,3600 gp,5400 gp,,3600,2000-20000,Rare,TYP,228,Wondrous Items: Neck,Yes
,"All-Purpose Tool, +1",3750 gp,5625 gp,7500,,100-600,Uncommon,TCE,,Wondrous Items,Yes
,Brooch Of Shielding,3750 gp,5625 gp,7500,375,100-600,Uncommon,DMG,156,Wondrous Items: Neck,Yes
,Mirror Of The Past,3800 gp,5700 gp,,3800,2000-20000,Rare,TYP,228,Wondrous Items,No
,Horn Of Valhalla (Silver),3920 gp,5880 gp,"5,600","5,000",2000-20000,Rare,DMG,175,Wondrous Items,No
,"Amulet of the Devout, +1",4000 gp,6000 gp,8000,,100-600,Uncommon,TCE,,Wondrous Items,Yes
,"Bloodwell Vial, +1",4000 gp,6000 gp,8000,,100-600,Uncommon,TCE,,Wondrous Items,Yes
,Broom Of Flying,4000 gp,6000 gp,8000,450,100-600,Uncommon,DMG,156,Wondrous Items,No
,Dragon Scale Mail,4000 gp,6000 gp,"4,000","15,000",20000-50000,Very Rare,DMG,165,Armor,Yes
,Frost Brand (any sword),4000 gp,6000 gp,"4,000","11,000",20000-50000,Very Rare,DMG,171,Weapons,Yes
,Headband Of Intellect,4000 gp,6000 gp,8000,450,100-600,Uncommon,DMG,173,Wondrous Items: Head,Yes
,"Moon Sickle, +1",4000 gp,6000 gp,8000,,100-600,Uncommon,TCE,,Weapons,Yes
,Rod Of The Pact Keeper +1,4000 gp,6000 gp,8000,400,100-600,Uncommon,DMG,197,Rods,Yes
,"Spell Gem (Bloodstone, Level 3)",4000 gp,6000 gp,,4000,2000-20000,Rare,OA,223,Spell Gems,Yes
,Wand Of Magic Missiles,4000 gp,6000 gp,"8,000",300,100-600,Uncommon,DMG,211,Wands,No
,Wand Of Web,4000 gp,6000 gp,"8,000",250,100-600,Uncommon,DMG,212,Wands,Yes
,Winged Boots,4000 gp,6000 gp,8000,"5,000",100-600,Uncommon,DMG,214,Wondrous Items: Feet,Yes
,Arrow-Catching Shield,4200 gp,6300 gp,"6,000","4,500",2000-20000,Rare,DMG,152,Shields,Yes
,Bag Of Beans,4200 gp,6300 gp,,4200,2000-20000,Rare,DMG,152,Wondrous Items,No
,Belt Of Dwarvenkind,4200 gp,6300 gp,"6,000","5,000",2000-20000,Rare,DMG,155,Wondrous Items: Waist,Yes
,Bracers Of Defense,4200 gp,6300 gp,6000,4000,2000-20000,Rare,DMG,156,Wondrous Items: Arms & Wrists,Yes
,Cloak Of The Bat,4200 gp,6300 gp,"6,000","4,600",2000-20000,Rare,DMG,159,Wondrous Items: Shoulders,Yes
,Devotee's Censer,4200 gp,6300 gp,6000,,2000-20000,Rare,TCE,,Weapons,Yes
,Elemental Essence Shard (Earth),4200 gp,6300 gp,"6,000",,2000-20000,Rare,TCE,,Wondrous Items,Yes
,Figurine of Wondrous Power (Ebony Fly),4200 gp,6300 gp,"6,000","3,600",2000-20000,Rare,DMG,169,Wondrous Items,No
,Figurine of Wondrous Power (Marble Elephant),4200 gp,6300 gp,"6,000","5,000",2000-20000,Rare,DMG,170,Wondrous Items,No
,Ioun Stone (Reserve),4200 gp,6300 gp,"6,000","4,500",2000-20000,Rare,DMG,177,Wondrous Items: Head,Yes
,Necklace of Fireballs (6 Beads),4200 gp,6300 gp,"6,000",4350,2000-20000,Rare,DMG,182,Wondrous Items: Neck,No
,Outer Essence Shard,4200 gp,6300 gp,"6,000",,2000-20000,Rare,TCE,,Wondrous Items,Yes
,Ring Of X-Ray Vision,4200 gp,6300 gp,"6,000",3500,2000-20000,Rare,DMG,193,Rings,Yes
,Shield Of Missile Attraction,4200 gp,6300 gp,"6,000","1,000",2000-20000,Rare,DMG,200,Shields,Yes
,"Shield, +2",4200 gp,6300 gp,6000,4000,2000-20000,Rare,DMG,200,Shields,No
,Guardian Emblem,4500 gp,6750 gp,,4500,100-600,Uncommon,TCE,,Wondrous Items,Yes
,Stonespeaker Crystal,4600 gp,6900 gp,,4600,2000-20000,Rare,OA,223,Wondrous Items,Yes
,Failed Experiment Wand,4900 gp,7350 gp,"7,000",,2000-20000,Rare,AI,,Wands,Yes
,Mace Of Smiting,4900 gp,7350 gp,"7,000","2,000",2000-20000,Rare,DMG,179,Weapons,No
,Belt Of Giant Strength (Hill),5000 gp,7500 gp,,5000,2000-20000,Rare,DMG,155,Wondrous Items: Waist,Yes
,Cloak Of Arachnida,5000 gp,7500 gp,"5,000","14,000",20000-50000,Very Rare,DMG,158,Wondrous Items: Shoulders,Yes
,Dancing Sword (any sword),5000 gp,7500 gp,5000,10000,20000-50000,Very Rare,DMG,160,Weapons,Yes
,Ghost Step Tattoo,5000 gp,7500 gp,,5000,2000-20000,Rare,TCE,,Wondrous Items: Tattoo,Yes
,Hunter's Coat,5000 gp,7500 gp,,"5,000",20000-50000,Very Rare,EGW,267,Armor,Yes
,Lifewell Tattoo,5000 gp,7500 gp,,5000,2000-20000,Rare,TCE,,Wondrous Items: Tattoo,Yes
,Lord's Ensemble,5000 gp,7500 gp,,"5,000",2000-20000,Rare,WDH,191,Wondrous Items: Body,Yes
,Sentinel Shield,5000 gp,7500 gp,"10,000",300,100-600,Uncommon,DMG,199,Shields,No
,Shadowfell Brand Tattoo,5000 gp,7500 gp,,5000,2000-20000,Rare,TCE,,Wondrous Items: Tattoo,Yes
,Spell Scroll (Level 8),5000 gp,7500 gp,,"5,000",20000-50000,Very Rare,DMG,200,Spell Scrolls,No
,Weapon Of Warning,5000 gp,7500 gp,"10,000",400,100-600,Uncommon,DMG,213,Weapons,Yes
,Arcane Propulsion Arm,5100 gp,7650 gp,,5100,20000-50000,Very Rare,EBR,,Wondrous Items,Yes
,Amulet Of Health,5600 gp,8400 gp,"8,000",4000,2000-20000,Rare,DMG,150,Wondrous Items: Neck,Yes
,Astral Shard,5600 gp,8400 gp,8000,,2000-20000,Rare,TCE,,Wondrous Items,Yes
,Bowl Of Commanding Water Elementals,5600 gp,8400 gp,8000,4700,2000-20000,Rare,DMG,156,Wondrous Items,No
,Brazier Of Commanding Fire Elementals,5600 gp,8400 gp,8000,4700,2000-20000,Rare,DMG,156,Wondrous Items,No
,Cape Of The Mountebank,5600 gp,8400 gp,"8,000",3900,2000-20000,Rare,DMG,157,Wondrous Items: Shoulders,No
,Censer Of Controlling Air Elementals,5600 gp,8400 gp,"8,000","4,700",2000-20000,Rare,DMG,158,Wondrous Items,No
,Dragon Slayer (any sword),5600 gp,8400 gp,8000,"5,000",2000-20000,Rare,DMG,166,Weapons,No
,Elemental Essence Shard (Fire),5600 gp,8400 gp,"8,000",,2000-20000,Rare,TCE,,Wondrous Items,Yes
,Elemental Essence Shard (Water),5600 gp,8400 gp,"8,000",,2000-20000,Rare,TCE,,Wondrous Items,Yes
,Far Realm Shard,5600 gp,8400 gp,8000,,2000-20000,Rare,TCE,,Wondrous Items,Yes
,Figurine of Wondrous Power (Bronze Griffon),5600 gp,8400 gp,8000,3600,2000-20000,Rare,DMG,169,Wondrous Items,No
,Figurine of Wondrous Power (Serpentine Owl),5600 gp,8400 gp,8000,3000,2000-20000,Rare,DMG,170,Wondrous Items,No
,Mace Of Disruption,5600 gp,8400 gp,"8,000","1,750",2000-20000,Rare,DMG,179,Weapons,Yes
,Mace Of Terror,5600 gp,8400 gp,8000,3500,2000-20000,Rare,DMG,180,Weapons,Yes
,Portable Hole,5600 gp,8400 gp,8000,"5,000",2000-20000,Rare,DMG,185,Wondrous Items,No
,Ring Of Free Action,5600 gp,8400 gp,"8,000","4,500",2000-20000,Rare,DMG,191,Rings,Yes
,Shadowfell Shard,5600 gp,8400 gp,8000,,2000-20000,Rare,TCE,,Wondrous Items,Yes
,Stone Of Controlling Earth Elementals,5600 gp,8400 gp,8000,4700,2000-20000,Rare,DMG,205,Wondrous Items,No
,Horn Of Valhalla (Brass),5880 gp,8820 gp,8400,5000,2000-20000,Rare,DMG,175,Wondrous Items,No
,Animated Shield,6000 gp,9000 gp,"6,000","6,000",20000-50000,Very Rare,DMG,151,Shields,Yes
,"Armor, +2",6000 gp,9000 gp,"6,000","20,000",20000-50000,Very Rare,DMG,152,Armor,No
,Battle Standard Of Infernal Power,6000 gp,9000 gp,,6000,20000-50000,Very Rare,BGA,,Wondrous Items,Yes
,Dimensional Loop,6000 gp,9000 gp,,6000,20000-50000,Very Rare,AI,,Wondrous Items,Yes
,Helm Of Telepathy,6000 gp,9000 gp,12000,300,100-600,Uncommon,DMG,174,Wondrous Items: Head,Yes
,Potion Of Mind Control (Monster),6000 gp,9000 gp,,"6,000",20000-50000,Very Rare,TYP,229,Potions & Oils,No
,Robe Of Scintillating Colors,6000 gp,9000 gp,6000,27000,20000-50000,Very Rare,DMG,194,Wondrous Items: Body,Yes
,Scimitar Of Speed,6000 gp,9000 gp,"6,000","7,500",20000-50000,Very Rare,DMG,199,Weapons,Yes
,Amulet Of The Black Skull,6400 gp,9600 gp,,6400,20000-50000,Very Rare,TA,206,Wondrous Items: Neck,Yes
,Arcane Cannon,6500 gp,9750 gp,,6500,20000-50000,Very Rare,EGW,265,Wondrous Item,No
,Last Stand Armor,6500 gp,9750 gp,,"6,500",20000-50000,Very Rare,EGW,267,Armor,No
,Spear Of Backbiting (javelin or spear),6500 gp,9750 gp,,6500,20000-50000,Very Rare,TYP,229,Weapons,Yes
,Wheel Of Stars,6500 gp,9750 gp,,"6,500",20000-50000,Very Rare,AI,,Wondrous Items,Yes
,Dispelling Stone,7000 gp,10500 gp,,7000,20000-50000,Very Rare,EGW,266,Wondrous Item,No
,Elemental Essence Shard (Air),7000 gp,10500 gp,"10,000",,2000-20000,Rare,TCE,,Wondrous Items,Yes
,Folding Boat,7000 gp,10500 gp,10000,4750,2000-20000,Rare,DMG,170,Wondrous Items,No
,Wand Of Binding,7000 gp,10500 gp,"10,000","2,500",2000-20000,Rare,DMG,209,Wands,Yes
,Wand Of Fear,7000 gp,10500 gp,10000,3250,2000-20000,Rare,DMG,210,Wands,Yes
,Infernal Tack,7200 gp,10800 gp,,"8,000",50000-300000,Legendary,BGA,,Wondrous Items,Yes
,Potion Of Giant Strength (Storm),7200 gp,10800 gp,,"8,000",50000-300000,Legendary,DMG,187,Potions & Oils,No
,Demon Armor (plate) (cursed),7500 gp,11250 gp,,"7,500",20000-50000,Very Rare,DMG,165,Armor,Yes
,Far Gear,7500 gp,11250 gp,,"7,500",20000-50000,Very Rare,AI,,Wondrous Items,Yes
,Nine Lives Stealer (Fully Charged) (any sword),8000 gp,12000 gp,8000,"36,000",20000-50000,Very Rare,DMG,183,Weapons,Yes
,"Spell Gem (Amber, Level 4)",8000 gp,12000 gp,,"8,000",20000-50000,Very Rare,OA,223,Spell Gems,Yes
,Timepiece Of Travel,8000 gp,12000 gp,,8000,20000-50000,Very Rare,AI,,Wondrous Items,Yes
,Candle Of Invocation,8400 gp,12600 gp,,8400,20000-50000,Very Rare,DMG,157,Wondrous Items,Yes
,Ioun Stone (Awareness),8400 gp,12600 gp,12000,"4,000",2000-20000,Rare,DMG,177,Wondrous Items: Head,Yes
,Staff Of Charming,8400 gp,12600 gp,12000,"1,750",2000-20000,Rare,DMG,201,Staffs,Yes
,Sun Blade (longsword),8400 gp,12600 gp,12000,"2,000",2000-20000,Rare,DMG,205,Weapons,Yes
,Duskcrusher,8500 gp,12750 gp,,"8,500",20000-50000,Very Rare,EGW,266,Weapons,Yes
,Bracelet Of Rock Magic,9000 gp,13500 gp,,9000,20000-50000,Very Rare,TYP,228,Wondrous Items: Arms & Wrists,Yes
,Dwarven Plate,9000 gp,13500 gp,"9,000","25,000",20000-50000,Very Rare,DMG,167,Armor,No
,Potion Of Longevity,9000 gp,13500 gp,9000,3000,20000-50000,Very Rare,DMG,188,Potions & Oils,No
,Staff Of Healing,9100 gp,13650 gp,"13,000","4,800",2000-20000,Rare,DMG,202,Staffs,Yes
,Living Armor,9500 gp,14250 gp,,"9,500",20000-50000,Very Rare,EBR,,Armor,Yes
,"Arcane Grimoire, +2",9800 gp,14700 gp,"14,000",,2000-20000,Rare,TCE,,Wondrous Items,Yes
,"Rhythm-Maker's Drum, +2",9800 gp,14700 gp,"14,000",,2000-20000,Rare,TCE,,Wondrous Items,Yes
,Apparatus Of Kwalish,10000 gp,15000 gp,10000,90000,50000-300000,Legendary,DMG,151,Wondrous Items,No
,Ioun Stone (Regeneration),10000 gp,15000 gp,10000,"55,000",50000-300000,Legendary,DMG,177,Wondrous Items: Head,Yes
,Staff Of Thunder And Lightning,10000 gp,15000 gp,10000,"30,000",20000-50000,Very Rare,DMG,204,Staffs,Yes
,"All-Purpose Tool, +2",10500 gp,15750 gp,"15,000",,2000-20000,Rare,TCE,,Wondrous Items,Yes
,Lyre of Building,10500 gp,15750 gp,15000,,2000-20000,Rare,TCE,,Wondrous Items,Yes
,Wand Of Paralysis,10500 gp,15750 gp,"15,000","4,250",2000-20000,Rare,DMG,211,Wands,Yes
,"Amulet of the Devout, +2",11200 gp,16800 gp,"16,000",,2000-20000,Rare,TCE,,Wondrous Items,Yes
,"Bloodwell Vial, +2",11200 gp,16800 gp,"16,000",,2000-20000,Rare,TCE,,Wondrous Items,Yes
,Cube Of Force,11200 gp,16800 gp,16000,5000,2000-20000,Rare,DMG,159,Wondrous Items,Yes
,Horn Of Valhalla (Bronze),11200 gp,16800 gp,11200,20000,20000-50000,Very Rare,DMG,175,Wondrous Items,No
,"Moon Sickle, +2",11200 gp,16800 gp,"16,000",,2000-20000,Rare,TCE,,Weapons,Yes
,Rod Of Rulership,11200 gp,16800 gp,"16,000","3,600",2000-20000,Rare,DMG,197,Rods,Yes
,Rod Of The Pact Keeper +2,11200 gp,16800 gp,"16,000","4,000",2000-20000,Rare,DMG,197,Rods,Yes
,Staff Of Swarming Insects,11200 gp,16800 gp,"16,000","4,500",2000-20000,Rare,DMG,203,Staffs,Yes
,Bag Of Devouring,12000 gp,18000 gp,,12000,20000-50000,Very Rare,DMG,153,Wondrous Items,No
,Belt Of Giant Strength (Stone/Frost),12000 gp,18000 gp,,"12,000",20000-50000,Very Rare,DMG,155,Wondrous Items: Waist,Yes
,Ring Of Regeneration,12000 gp,18000 gp,"12,000",40000,20000-50000,Very Rare,DMG,191,Rings,Yes
,Chronolometer,12500 gp,18750 gp,,12500,20000-50000,Very Rare,AI,,Wondrous Items,Yes
,Oathbow (longbow),12500 gp,18750 gp,,"12,500",20000-50000,Very Rare,DMG,183,Weapons,Yes
,Instrument of the Bards (Fochulan Bandore),13250 gp,19875 gp,"26,500",350,100-600,Uncommon,DMG,176,Wondrous Items,Yes
,Instrument of the Bards (Mac-Fuirmidh Cittern),13500 gp,20250 gp,27000,450,100-600,Uncommon,DMG,176,Wondrous Items,Yes
,Cloak Of Displacement,14000 gp,21000 gp,"20,000","3,600",2000-20000,Rare,DMG,158,Wondrous Items: Shoulders,Yes
,Figurine of Wondrous Power (Ivory Goats - Terror),14000 gp,21000 gp,"20,000",5000,2000-20000,Rare,DMG,169,Wondrous Items,No
,Horn Of Valhalla (Iron),14000 gp,21000 gp,14000,50000,50000-300000,Legendary,DMG,175,Wondrous Items,No
,Mantle Of Spell Resistance,14000 gp,21000 gp,"20,000","4,200",2000-20000,Rare,DMG,180,Wondrous Items: Shoulders,Yes
,Ring Of Shooting Stars,14000 gp,21000 gp,"14,000","20,000",20000-50000,Very Rare,DMG,192,Rings,Yes
,Instrument of the Bards (Doss Lute),14250 gp,21375 gp,"28,500",250,100-600,Uncommon,DMG,176,Wondrous Items,Yes
,Absorbing Tattoo,15000 gp,22500 gp,,15000,20000-50000,Very Rare,TCE,,Wondrous Items: Tattoo,Yes
,Crystalline Chronicle,15000 gp,22500 gp,15000,,20000-50000,Very Rare,TCE,,Wondrous Items,Yes
,Ioun Stone (Mastery),15000 gp,22500 gp,"15,000","60,000",50000-300000,Legendary,DMG,177,Wondrous Items: Head,Yes
,"Spell Gem (Jade, Level 5)",15000 gp,22500 gp,,"15,000",20000-50000,Very Rare,OA,223,Spell Gems,Yes
,Reveler's Concertina,15750 gp,23625 gp,22500,,2000-20000,Rare,TCE,,Wondrous Items,Yes
,Hammer Of Thunderbolts (maul),16000 gp,24000 gp,"16,000","51,000",50000-300000,Legendary,DMG,173,Weapons,Yes
,Staff Of Fire,16000 gp,24000 gp,"16,000","18,000",20000-50000,Very Rare,DMG,201,Staffs,Yes
,"Weapon, +3",16000 gp,24000 gp,16000,"15,000",20000-50000,Very Rare,DMG,213,Weapons,No
,Dyrrns Tentacle Whip,17000 gp,25500 gp,,"17,000",20000-50000,Very Rare,EBR,,Weapons,Yes
,Ring Of Fire Elemental Command,17000 gp,25500 gp,17000,"200,000",50000-300000,Legendary,DMG,190,Rings,Yes
,Wand Of Fireballs,17500 gp,26250 gp,"25,000","4,800",2000-20000,Rare,DMG,210,Wands,Yes
,Wand Of Lightning Bolts,17500 gp,26250 gp,25000,4800,2000-20000,Rare,DMG,211,Wands,Yes
,Dwarven Thrower (warhammer),18000 gp,27000 gp,18000,"25,000",20000-50000,Very Rare,DMG,167,Weapons,Yes
,Mirror Of Life Trapping,18000 gp,27000 gp,18000,50000,20000-50000,Very Rare,DMG,181,Wondrous Items,No
,Spell Scroll (Level 9),18000 gp,27000 gp,,"20,000",50000-300000,Legendary,DMG,200,Spell Scrolls,No
,Wand Of The War Mage +3,19200 gp,28800 gp,19200,14000,20000-50000,Very Rare,DMG,212,Wands,Yes
,Efreeti Chain (chain mail),20000 gp,30000 gp,"20,000","80,000",50000-300000,Legendary,DMG,167,Armor,Yes
,"Spell Gem (Topaz, Level 6)",20000 gp,30000 gp,,"20,000",20000-50000,Very Rare,OA,223,Spell Gems,Yes
,Talisman Of The Sphere,20000 gp,30000 gp,20000,75000,50000-300000,Legendary,DMG,207,Wondrous Items,Yes
,Instrument of the Bards (Canaith Mandolin),21000 gp,31500 gp,30000,3750,2000-20000,Rare,DMG,176,Wondrous Items,Yes
,Kyrzins Ooze,21000 gp,31500 gp,,"21,000",20000-50000,Very Rare,EBR,,Wondrous Items,Yes
,Necklace Of Prayer Beads (Wind Walking),21000 gp,31500 gp,30000,5000,2000-20000,Rare,DMG,182,Wondrous Items: Neck,Yes
,Robe Of Eyes,21000 gp,31500 gp,30000,5000,2000-20000,Rare,DMG,193,Wondrous Items: Body,Yes
,Staff Of Striking,21000 gp,31500 gp,"21,000","36,000",20000-50000,Very Rare,DMG,203,Staffs,Yes
,Helm Of Devil Command,21500 gp,32250 gp,,21500,20000-50000,Very Rare,BGA,,Wondrous Items: Head,Yes
,Manual Of Golems,22000 gp,33000 gp,,"22,000",20000-50000,Very Rare,DMG,180,Wondrous Items,No
,Gem Of Seeing,22400 gp,33600 gp,32000,"5,000",2000-20000,Rare,DMG,172,Wondrous Items,Yes
,Necklace Of Prayer Beads (Favor),22400 gp,33600 gp,32000,5000,2000-20000,Rare,DMG,182,Wondrous Items: Neck,Yes
,Necklace Of Prayer Beads (Summons),22400 gp,33600 gp,32000,5000,2000-20000,Rare,DMG,182,Wondrous Items: Neck,Yes
,"Armor, +3",24000 gp,36000 gp,"24,000","51,000",50000-300000,Legendary,DMG,152,Armor,No
,Defender (any sword),24000 gp,36000 gp,24000,55000,50000-300000,Legendary,DMG,164,Weapons,Yes
,"Shield, +3",24000 gp,36000 gp,"24,000","22,000",20000-50000,Very Rare,DMG,200,Shields,No
,Vorpal Sword,24000 gp,36000 gp,"24,000","75,000",50000-300000,Legendary,DMG,209,Weapons,Yes
,Obsidian Flint Dragon Plate,24300 gp,36450 gp,,"27,000",50000-300000,Legendary,BGA,,Armor,No
,Instrument of the Bards (Cli Lyre),24500 gp,36750 gp,35000,"4,250",2000-20000,Rare,DMG,176,Wondrous Items,Yes
,"All-Purpose Tool, +3",25000 gp,37500 gp,"25,000",,20000-50000,Very Rare,TCE,,Wondrous Items,Yes
,"Arcane Grimoire, +3",25000 gp,37500 gp,"25,000",,20000-50000,Very Rare,TCE,,Wondrous Items,Yes
,"Rhythm-Maker's Drum, +3",25000 gp,37500 gp,"25,000",,20000-50000,Very Rare,TCE,,Wondrous Items,Yes
,Ring Of Telekinesis,25000 gp,37500 gp,,"25,000",20000-50000,Very Rare,DMG,193,Rings,Yes
,Ring Of Water Elemental Command,25000 gp,37500 gp,25000,"200,000",50000-300000,Legendary,DMG,191,Rings,Yes
,Rod Of Alertness,25000 gp,37500 gp,25000,11000,20000-50000,Very Rare,DMG,195,Rods,Yes
,Wand Of Polymorph,25000 gp,37500 gp,"25,000",21000,20000-50000,Very Rare,DMG,211,Wands,Yes
,Staff Of Frost,26000 gp,39000 gp,26000,"18,000",20000-50000,Very Rare,DMG,201,Staffs,Yes
,Bloodaxe,27000 gp,40500 gp,,27000,20000-50000,Very Rare,EGW,266,Weapons,Yes
,Staff of Dunamancy,27000 gp,40500 gp,,27000,20000-50000,Very Rare,EGW,270,Staffs,Yes
,"Amulet of the Devout, +3",28000 gp,42000 gp,"28,000",,20000-50000,Very Rare,TCE,,Wondrous Items,Yes
,Armor Of Invulnerability,28000 gp,42000 gp,"28,000","70,000",50000-300000,Legendary,DMG,152,Armor,Yes
,"Bloodwell Vial, +3",28000 gp,42000 gp,"28,000",,20000-50000,Very Rare,TCE,,Wondrous Items,Yes
,"Moon Sickle, +3",28000 gp,42000 gp,"28,000",,20000-50000,Very Rare,TCE,,Weapons,Yes
,Rod Of Lordly Might,28000 gp,42000 gp,"28,000",70000,50000-300000,Legendary,DMG,195,Rods,Yes
,Rod Of The Pact Keeper +3,28000 gp,42000 gp,"28,000","14,000",20000-50000,Very Rare,DMG,197,Rods,Yes
,Manual Of Gainful Exercise,30000 gp,45000 gp,,"30,000",20000-50000,Very Rare,DMG,180,Wondrous Items,No
,Ring Of Spell Turning,30000 gp,45000 gp,"30,000","66,000",50000-300000,Legendary,DMG,1193,Rings,Yes
,Staff Of The Woodlands,30800 gp,46200 gp,44000,"4,500",2000-20000,Rare,DMG,204,Staffs,Yes
,Ioun Stone (Greater Absorption),31000 gp,46500 gp,"31,000","60,000",50000-300000,Legendary,DMG,177,Wondrous Items: Head,Yes
,Orb of the Veil,31000 gp,46500 gp,,31000,20000-50000,Very Rare,EGW,268,Wondrous Item,Yes
,Ring Of Earth Elemental Command,31000 gp,46500 gp,"31,000","200,000",50000-300000,Legendary,DMG,190,Rings,Yes
,"Spell Gem (Star Ruby, Level 7)",31500 gp,47250 gp,,35000,50000-300000,Legendary,OA,223,Spell Gems,Yes
,Cauldron of Rebirth,32000 gp,48000 gp,32000,,20000-50000,Very Rare,TCE,,Wondrous Items,Yes
,Helm Of Brilliance,32000 gp,48000 gp,,32000,20000-50000,Very Rare,DMG,173,Wondrous Items: Head,Yes
,Robe Of The Archmagi,34000 gp,51000 gp,34000,75000,50000-300000,Legendary,DMG,194,Wondrous Items: Body,Yes
,Carpet Of Flying,35000 gp,52500 gp,"35,000","44,000",20000-50000,Very Rare,DMG,157,Wondrous Items,No
,Ring Of Air Elemental Command,35000 gp,52500 gp,35000,200000,50000-300000,Legendary,DMG,190,Rings,Yes
,Belt Of Giant Strength (Fire),36000 gp,54000 gp,,"36,000",20000-50000,Very Rare,DMG,155,Wondrous Items: Waist,Yes
,Manual Of Bodily Health,36000 gp,54000 gp,,36000,20000-50000,Very Rare,DMG,180,Wondrous Items,No
,Manual Of Quickness Of Action,36000 gp,54000 gp,,"36,000",20000-50000,Very Rare,DMG,181,Wondrous Items,No
,Scarab Of Protection,36000 gp,54000 gp,36000,"58,000",50000-300000,Legendary,DMG,199,Wondrous Items: Neck,Yes
,Sword Of Answering,36000 gp,54000 gp,"36,000","51,000",50000-300000,Legendary,DMG,206,Weapons,Yes
,Tome Of Clear Thought,36000 gp,54000 gp,,"36,000",20000-50000,Very Rare,DMG,208,Wondrous Items,No
,Tome Of Leadership And Influence,36000 gp,54000 gp,,"36,000",20000-50000,Very Rare,DMG,208,Wondrous Items,No
,Tome Of Understanding,36000 gp,54000 gp,,"36,000",20000-50000,Very Rare,DMG,209,Wondrous Items,No
,Cubic Gate,40000 gp,60000 gp,40000,"164,000",50000-300000,Legendary,DMG,160,Wondrous Items,No
,Helm Of Teleportation,44800 gp,67200 gp,64000,4250,2000-20000,Rare,DMG,174,Wondrous Items: Head,Yes
,Blood Fury Tattoo,45000 gp,67500 gp,,50000,50000-300000,Legendary,TCE,,Wondrous Items: Tattoo,Yes
,Efreeti Bottle,45000 gp,67500 gp,,"45,000",20000-50000,Very Rare,DMG,167,Wondrous Items,No
,Belashyrras Beholder Crown,45900 gp,68850 gp,,51000,50000-300000,Legendary,EBR,,Wondrous Items,Yes
,Crystal Ball Of Mind Reading,45900 gp,68850 gp,,"51,000",50000-300000,Legendary,DMG,159,Wondrous Items,Yes
,Nightfall Pearl,45900 gp,68850 gp,,"51,000",50000-300000,Legendary,EGW,268,Wondrous Item,Yes
,"Spell Gem (Ruby, Level 8)",45900 gp,68850 gp,,51000,50000-300000,Legendary,OA,223,Spell Gems,Yes
,Plate Armor Of Etherealness,48000 gp,72000 gp,"48,000","60,000",50000-300000,Legendary,DMG,185,Armor,Yes
,Crystal Ball,50000 gp,75000 gp,50000,"42,000",20000-50000,Very Rare,DMG,159,Wondrous Items,Yes
,Rod Of Absorption,50000 gp,75000 gp,50000,48000,20000-50000,Very Rare,DMG,195,Rods,Yes
,Spellguard Shield,50000 gp,75000 gp,"50,000",36000,20000-50000,Very Rare,DMG,201,Shields,Yes
,Daern's Instant Fortress,52500 gp,78750 gp,75000,5000,2000-20000,Rare,DMG,160,Wondrous Items,No
,Instrument of the Bards (Anstruth Harp),55000 gp,82500 gp,"55,000",17500,20000-50000,Very Rare,DMG,176,Wondrous Items,Yes
,Belt Of Giant Strength (Cloud),59400 gp,89100 gp,,"66,000",50000-300000,Legendary,DMG,155,Wondrous Items: Waist,Yes
,Robe Of Stars,60000 gp,90000 gp,60000,45000,20000-50000,Very Rare,DMG,194,Wondrous Items: Body,Yes
,Crystal Ball Of Telepathy,63000 gp,94500 gp,,70000,50000-300000,Legendary,DMG,159,Wondrous Items,Yes
,Blackstaff,64800 gp,97200 gp,,"72,000",50000-300000,Legendary,WDH,190,Staffs,Yes
,Ring Of Invisibility,67500 gp,101250 gp,,"75,000",50000-300000,Legendary,DMG,191,Rings,Yes
,Spell Bottle,67500 gp,101250 gp,,75000,50000-300000,Legendary,EGW,269,Wondrous Item,Yes
,"Spell Gem (Diamond, Level 9)",70200 gp,105300 gp,,78000,50000-300000,Legendary,OA,223,Spell Gems,Yes
,Crystal Ball Of True Seeing,72000 gp,108000 gp,,80000,50000-300000,Legendary,DMG,159,Wondrous Items,Yes
,Staff Of Power,75000 gp,112500 gp,"75,000",46000,20000-50000,Very Rare,DMG,202,Staffs,Yes
,Cloak Of Invisibility,80000 gp,120000 gp,"80,000","54,000",50000-300000,Legendary,DMG,158,Wondrous Items: Shoulders,Yes
,Staff Of The Magi,88200 gp,132300 gp,,"98,000",50000-300000,Legendary,DMG,203,Staffs,Yes
,Belt Of Giant Strength (Storm),90000 gp,135000 gp,,"100,000",50000-300000,Legendary,DMG,155,Wondrous Items: Waist,Yes
,Rod Of Security,90000 gp,135000 gp,90000,"45,000",20000-50000,Very Rare,DMG,197,Rods,No
,Figurine of Wondrous Power (Obsidian Steed),100000 gp,150000 gp,100000,"28,500",20000-50000,Very Rare,DMG,170,Wondrous Items,No
,Ring Of Djinni Summoning,112500 gp,168750 gp,,125000,50000-300000,Legendary,DMG,190,Rings,Yes
,Rod Of Resurrection,112500 gp,168750 gp,,"125,000",50000-300000,Legendary,DMG,197,Rods,Yes
,Instrument of the Bards (Ollamh Harp),125000 gp,187500 gp,125000,51000,50000-300000,Legendary,DMG,176,Wondrous Items,Yes
,Iron Flask,153000 gp,229500 gp,,170000,50000-300000,Legendary,DMG,178,Wondrous Items,No
,Amulet Of The Planes,160000 gp,240000 gp,"160,000",43000,20000-50000,Very Rare,DMG,150,Wondrous Items: Neck,Yes
,Holy Avenger (any sword),165000 gp,247500 gp,"165,000","65,000",50000-300000,Legendary,DMG,174,Weapons,Yes
,Ring Of Elemental Command,180000 gp,270000 gp,,"200,000",50000-300000,Legendary,DMG,,Rings,Yes